{
	"productId": "295238",
	"productKey": "FIe3NBRzOn1x",
	"functions": [
		{
			"id": 12289,
			"title": "开关1",
			"name": "switch1",
			"transferType": "BOTH"
		},
		{
			"id": 12290,
			"title": "开关2",
			"name": "switch2",
			"transferType": "BOTH"
		},
		{
			"id": 12291,
			"title": "开关3",
			"name": "switch3",
			"transferType": "BOTH"
		},
		{
			"id": 12292,
			"title": "开关4",
			"name": "switch4",
			"transferType": "BOTH"
		},
		{
			"id": 12293,
			"title": "开关5",
			"name": "switch5",
			"transferType": "BOTH"
		},
		{
			"id": 12294,
			"title": "开关6",
			"name": "switch6",
			"transferType": "BOTH"
		},
		{
			"id": 12295,
			"title": "USB1",
			"name": "USB1",
			"transferType": "BOTH"
		},
		{
			"id": 12296,
			"title": "USB2",
			"name": "USB2",
			"transferType": "BOTH"
		},
		{
			"id": 12297,
			"title": "USB3",
			"name": "USB3",
			"transferType": "BOTH"
		},
		{
			"id": 12298,
			"title": "USB4",
			"name": "USB4",
			"transferType": "BOTH"
		},
		{
			"id": 28683,
			"title": "当前电流",
			"name": "Electric",
			"transferType": "UP"
		},
		{
			"id": 28684,
			"title": "当前功率",
			"name": "Power",
			"transferType": "UP"
		},
		{
			"id": 28685,
			"title": "当前电压",
			"name": "Voltage",
			"transferType": "UP"
		},
		{
			"id": 36878,
			"title": "增加电量",
			"name": "add_ele",
			"transferType": "BOTH"
		},
		{
			"id": 32783,
			"title": "信号强度",
			"name": "signal_strength",
			"transferType": "UP"
		},
		{
			"id": 57360,
			"title": "软件版本",
			"name": "software_version",
			"transferType": "UP"
		},
		{
			"id": 57361,
			"title": "固件版本",
			"name": "hardware_version",
			"transferType": "UP"
		},
		{
			"id": 57362,
			"title": "IMSI",
			"name": "imsi",
			"transferType": "UP"
		},
		{
			"id": 32787,
			"title": "经度",
			"name": "longitude",
			"transferType": "UP"
		},
		{
			"id": 32788,
			"title": "纬度",
			"name": "latitude",
			"transferType": "UP"
		},
		{
			"id": 57365,
			"title": "复位",
			"name": "reset",
			"transferType": "DOWN"
		},
		{
			"id": 57366,
			"title": "重启",
			"name": "restart",
			"transferType": "DOWN"
		},
		{
			"id": 24599,
			"title": "故障数",
			"name": "alarm_num",
			"transferType": "UP"
		},
		{
			"id": 32792,
			"title": "上报成功率",
			"name": "up_success_rate",
			"transferType": "UP"
		},
		{
			"id": 32793,
			"title": "电量",
			"name": "battery",
			"transferType": "UP"
		},
		{
			"id": 46336,
			"title": "组合功能点",
			"name": "group_fun",
			"transferType": "BOTH",
			"children": [
				{
					"id": 12289,
					"title": "开关1",
					"name": "switch1",
					"transferType": "BOTH"
				},
				{
					"id": 12290,
					"title": "开关2",
					"name": "switch2",
					"transferType": "BOTH"
				},
				{
					"id": 12291,
					"title": "开关3",
					"name": "switch3",
					"transferType": "BOTH"
				},
				{
					"id": 12292,
					"title": "开关4",
					"name": "switch4",
					"transferType": "BOTH"
				},
				{
					"id": 12293,
					"title": "开关5",
					"name": "switch5",
					"transferType": "BOTH"
				},
				{
					"id": 12294,
					"title": "开关6",
					"name": "switch6",
					"transferType": "BOTH"
				},
				{
					"id": 12295,
					"title": "USB1",
					"name": "USB1",
					"transferType": "BOTH"
				},
				{
					"id": 12296,
					"title": "USB2",
					"name": "USB2",
					"transferType": "BOTH"
				},
				{
					"id": 12297,
					"title": "USB3",
					"name": "USB3",
					"transferType": "BOTH"
				},
				{
					"id": 12298,
					"title": "USB4",
					"name": "USB4",
					"transferType": "BOTH"
				},
				{
					"id": 36878,
					"title": "增加电量",
					"name": "add_ele",
					"transferType": "BOTH"
				}
			]
		},
		{
			"id": 63232,
			"title": "消息id",
			"name": "messageId",
			"transferType": "UP"
		},
		{
			"id": 63233,
			"title": "上报时间",
			"name": "messageTime",
			"transferType": "UP"
		}
	]
}